Temp , Ave_energy , Ave_energy^2 , C_v
4.0,-0.6277272727272727,1.4840909090909091,0.06812808626033058
3.995,-0.5581818181818182,1.3590909090909091,0.06563423095779292
3.99,-0.5445454545454546,1.3563636363636364,0.06657206200322364
3.985,-0.6122727272727273,1.4804545454545455,0.06961970960062354
3.98,-0.5354545454545454,1.3309090909090908,0.06591989600396181
3.975,-0.5436363636363636,1.3536363636363635,0.0669654439472233
3.97,-0.6045454545454545,1.4345454545454546,0.06783053302374133
3.965,-0.5477272727272727,1.3277272727272726,0.06537163022843427
3.96,-0.5618181818181818,1.3890909090909092,0.06845291549774396
3.955,-0.5527272727272727,1.3418181818181818,0.0662516997512568
3.95,-0.58,1.3872727272727272,0.06735284263885447
3.945,-0.5836363636363636,1.4336363636363636,0.07023088112225523
3.94,-0.5813636363636364,1.4531818181818181,0.07183888663041225
3.935,-0.605,1.4413636363636364,0.06944736571340422
3.93,-0.675,1.5568181818181819,0.07129817491975875
3.925,-0.524090909090909,1.2986363636363636,0.06646696142770113
3.92,-0.5559090909090909,1.3231818181818182,0.06599768981846407
3.915,-0.64,1.529090909090909,0.0730393733432444
3.91,-0.5863636363636363,1.4181818181818182,0.0702742331703895
3.905,-0.5490909090909091,1.3481818181818181,0.06863920753854998
3.9,-0.6013636363636363,1.4686363636363637,0.07278094283339041
3.895,-0.6272727272727273,1.4290909090909092,0.06826301022579186
3.89,-0.6177272727272727,1.4995454545454545,0.07387992883171404
3.885,-0.6222727272727273,1.4931818181818182,0.07327515962124596
3.88,-0.5622727272727273,1.3831818181818183,0.0708783610337913
3.875,-0.57,1.3636363636363635,0.06917703150127706
3.87,-0.5881818181818181,1.4036363636363636,0.07062065663766827
3.865,-0.634090909090909,1.4604545454545454,0.07085067097749631
3.86,-0.5759090909090909,1.3722727272727273,0.06984089816377567
3.855,-0.6045454545454545,1.4963636363636363,0.0760976063058952
3.85,-0.5972727272727273,1.451818181818182,0.07387980914652588
3.845,-0.5872727272727273,1.3918181818181818,0.07081487792531699
3.84,-0.5531818181818182,1.326818181818182,0.06922797701356607
3.835,-0.5818181818181818,1.4136363636363636,0.07310175556178332
3.83,-0.5927272727272728,1.3772727272727272,0.06994028914492677
3.825,-0.6740909090909091,1.6086363636363636,0.07889190037454692
3.82,-0.6145454545454545,1.449090909090909,0.07342348026290602
3.815,-0.6140909090909091,1.4222727272727274,0.0718117991610428
3.81,-0.57,1.4036363636363636,0.07431309812114573
3.805,-0.6377272727272727,1.4322727272727274,0.07083677869685694
3.8,-0.6236363636363637,1.4936363636363637,0.07650374304617567
3.795,-0.6022727272727273,1.4495454545454545,0.07546251423177822
3.79,-0.5895454545454546,1.3804545454545454,0.07190779112365821
3.785,-0.5995454545454545,1.4331818181818181,0.07494835981674881
3.78,-0.6486363636363637,1.4504545454545454,0.07206723028632603
3.775,-0.6718181818181819,1.5363636363636364,0.07613869335149503
3.77,-0.6136363636363636,1.4527272727272726,0.075718374571721
3.765,-0.5981818181818181,1.3590909090909091,0.07063516956433519
3.76,-0.6454545454545455,1.4954545454545454,0.07631019233862969
3.755,-0.6886363636363636,1.6077272727272727,0.08039044125134237
3.75,-0.64,1.4827272727272727,0.07631127272727273
3.745,-0.6631818181818182,1.5595454545454546,0.07983838393004734
3.74,-0.5436363636363636,1.2872727272727273,0.07090081439310236
3.735,-0.5945454545454546,1.3827272727272728,0.07377966844309762
3.73,-0.5654545454545454,1.3590909090909091,0.07470420013913007
3.725,-0.6322727272727273,1.4659090909090908,0.076835478708613
3.72,-0.6559090909090909,1.4831818181818182,0.07609008864063968
3.715,-0.5927272727272728,1.4118181818181819,0.07684046611684622
3.71,-0.6040909090909091,1.423181818181818,0.07688522981782586
3.705,-0.6131818181818182,1.444090909090909,0.07780993820162407
3.7,-0.6209090909090909,1.4927272727272727,0.08087649185929281
3.695,-0.6077272727272728,1.414090909090909,0.07652212393036562
3.69,-0.6218181818181818,1.52,0.08323544544769286
3.685,-0.639090909090909,1.4436363636363636,0.07623403939132894
3.68,-0.6495454545454545,1.5113636363636365,0.0804476561645628
3.675,-0.6672727272727272,1.5027272727272727,0.07829881106318956
3.67,-0.6804545454545454,1.596818181818182,0.08417909357025666
3.665,-0.6222727272727273,1.4704545454545455,0.08064421183736183
3.66,-0.6031818181818182,1.4022727272727273,0.07752130710737878
3.655,-0.615909090909091,1.4486363636363637,0.08004269438614726
3.65,-0.6936363636363636,1.5654545454545454,0.08139036520892232
3.645,-0.6768181818181818,1.5777272727272726,0.0842723404093853
3.64,-0.6122727272727273,1.425909090909091,0.07932550404141313
3.635,-0.705,1.6077272727272727,0.0840598924734327
3.63,-0.6463636363636364,1.470909090909091,0.07992191945722195
3.625,-0.610909090909091,1.3936363636363636,0.07765433122709091
3.62,-0.6177272727272727,1.4113636363636364,0.07858251067523597
3.615,-0.6268181818181818,1.4586363636363637,0.08155165147359432
3.61,-0.6904545454545454,1.5331818181818182,0.08106554882505317
3.605,-0.6745454545454546,1.5636363636363637,0.08530491387854593
3.6,-0.6372727272727273,1.4663636363636363,0.08180919038873584
3.595,-0.685,1.5686363636363636,0.08506725757930393
3.59,-0.7663636363636364,1.7227272727272727,0.08809786156119032
3.585,-0.6631818181818182,1.5904545454545456,0.08952881088586633
3.58,-0.635,1.5086363636363636,0.08624975528513182
3.575,-0.6840909090909091,1.5195454545454545,0.0822780640731285
3.57,-0.6886363636363636,1.565,0.0855856035494736
3.565,-0.5868181818181818,1.3213636363636363,0.07687392880771562
3.56,-0.5954545454545455,1.3827272727272728,0.08112621173342961
3.555,-0.6654545454545454,1.4854545454545454,0.0824990291907501
3.55,-0.7031818181818181,1.5895454545454546,0.08689393256290158
3.545,-0.7218181818181818,1.6281818181818182,0.0881004319302709
3.54,-0.6540909090909091,1.4568181818181818,0.08211108433582383
3.535,-0.6836363636363636,1.530909090909091,0.0851097361981831
3.53,-0.6990909090909091,1.5518181818181818,0.0853140690194631
3.525,-0.6554545454545454,1.4872727272727273,0.08511862108471024
3.52,-0.6863636363636364,1.5736363636363637,0.08898351322911689
3.515,-0.6409090909090909,1.4827272727272727,0.08676190113230275
3.51,-0.6522727272727272,1.454090909090909,0.08349211437789528
3.505,-0.6995454545454546,1.5604545454545455,0.087186692943591
3.5,-0.7013636363636364,1.5831818181818182,0.0890833361443751
3.495,-0.6104545454545455,1.4277272727272727,0.08637497841069967
3.49,-0.644090909090909,1.4886363636363635,0.08815882172254823
3.485,-0.6895454545454546,1.5286363636363636,0.0867141967112232
3.48,-0.7054545454545454,1.5627272727272727,0.0879459932805517
3.475,-0.6881818181818182,1.5045454545454546,0.08537456567833313
3.47,-0.7072727272727273,1.559090909090909,0.08793829351187266
3.465,-0.6622727272727272,1.5068181818181818,0.08897159736127933
3.46,-0.7127272727272728,1.5609090909090908,0.08795223074775592
3.455,-0.5981818181818181,1.34,0.08228000799166411
3.45,-0.7118181818181818,1.6672727272727272,0.09750788517586938
3.445,-0.6954545454545454,1.5645454545454545,0.09107567853556645
3.44,-0.6318181818181818,1.4072727272727272,0.08518781371659463
3.435,-0.6859090909090909,1.5313636363636363,0.08991203705089958
3.43,-0.6227272727272727,1.3963636363636365,0.08572740781182067
3.425,-0.6659090909090909,1.4768181818181818,0.08809277122598415
3.42,-0.7177272727272728,1.5986363636363636,0.09263567641495114
3.415,-0.8254545454545454,1.779090909090909,0.09412575237395426
3.41,-0.6977272727272728,1.5831818181818182,0.0942852633770246
3.405,-0.7404545454545455,1.675,0.09718170058419769
3.4,-0.6463636363636364,1.4545454545454546,0.08968507821213076
3.395,-0.6418181818181818,1.4009090909090909,0.08580395343552474
3.39,-0.7095454545454546,1.5322727272727272,0.089523931675378
3.385,-0.7059090909090909,1.5813636363636363,0.09452214385173421
3.38,-0.7236363636363636,1.6072727272727272,0.09485164564404851
3.375,-0.72,1.5918181818181818,0.09423698715550567
3.37,-0.7209090909090909,1.5654545454545454,0.09208011236333624
3.365,-0.7018181818181818,1.5990909090909091,0.09772323245014831
3.36,-0.6918181818181818,1.528181818181818,0.09296781298607597
3.355,-0.73,1.6081818181818182,0.09552944473575868
3.35,-0.7122727272727273,1.6195454545454546,0.09910563747194703
3.345,-0.6613636363636364,1.4595454545454545,0.09135233812073187
3.34,-0.675,1.5313636363636363,0.09643037007096315
3.335,-0.6877272727272727,1.535,0.09548729668273277
3.33,-0.6445454545454545,1.4390909090909092,0.09231322007734784
3.325,-0.72,1.5909090909090908,0.09701026318359122
3.32,-0.7336363636363636,1.6127272727272728,0.09748375659363535
3.315,-0.7127272727272728,1.550909090909091,0.0949046839626848
3.31,-0.6918181818181818,1.54,0.0968764070523074
3.305,-0.6472727272727272,1.451818181818182,0.094557707077216
3.3,-0.7386363636363636,1.574090909090909,0.09444510848530382
3.295,-0.7463636363636363,1.6190909090909091,0.0978198200156082
3.29,-0.7331818181818182,1.5613636363636363,0.09458597554080612
3.285,-0.6581818181818182,1.4745454545454546,0.09649897474664186
3.28,-0.8254545454545454,1.8272727272727274,0.1065118903053574
3.275,-0.7936363636363636,1.7372727272727273,0.10324937237566827
3.27,-0.6559090909090909,1.415,0.09209693015578654
3.265,-0.6559090909090909,1.455,0.09613148544827244
3.26,-0.7086363636363636,1.5640909090909092,0.0999214698730796
3.255,-0.7327272727272728,1.6236363636363635,0.10257145286943792
3.25,-0.7554545454545455,1.6490909090909092,0.10209508533424619
3.245,-0.775,1.675,0.1020296722942253
3.24,-0.7554545454545455,1.6536363636363636,0.10315927387102095
3.235,-0.8104545454545454,1.835909090909091,0.11266575928001137
3.23,-0.7036363636363636,1.5327272727272727,0.09945682796689971
3.225,-0.6986363636363636,1.5113636363636365,0.09838551700196817
3.22,-0.8286363636363636,1.8040909090909092,0.10777484336545787
3.215,-0.7772727272727272,1.6818181818181819,0.104261013015506
3.21,-0.7563636363636363,1.6536363636363636,0.10496311305433181
3.205,-0.7909090909090909,1.68,0.10265383991154184
3.2,-0.8027272727272727,1.7063636363636363,0.10371021113119833
3.195,-0.735,1.614090909090909,0.10519820524449236
3.19,-0.745,1.5495454545454546,0.09773100250051148
3.185,-0.7831818181818182,1.6577272727272727,0.10295054697590936
3.18,-0.7727272727272727,1.6272727272727272,0.10187149334047291
3.175,-0.6854545454545454,1.4972727272727273,0.10192074334561894
3.17,-0.740909090909091,1.6036363636363635,0.10495577452702563
3.165,-0.7263636363636363,1.5854545454545454,0.10560313991381251
3.16,-0.7704545454545455,1.655,0.10629304131834137
3.155,-0.8595454545454545,1.836818181818182,0.11030711630606012
3.15,-0.7518181818181818,1.66,0.1103320152670802
3.145,-0.7822727272727272,1.7668181818181818,0.11675913891466974
3.14,-0.7486363636363637,1.585909090909091,0.10400550589784707
3.135,-0.7427272727272727,1.5781818181818181,0.10444795642437224
3.13,-0.7881818181818182,1.700909090909091,0.11020613790042709
3.125,-0.8040909090909091,1.7222727272727272,0.11015275900826446
3.12,-0.8009090909090909,1.71,0.10976995275509259
3.115,-0.7959090909090909,1.695,0.10939957787315707
3.11,-0.8381818181818181,1.790909090909091,0.11252575248172708
3.105,-0.7377272727272727,1.5786363636363636,0.10729096073402401
3.1,-0.8640909090909091,1.7931818181818182,0.10889997076048537
3.095,-0.6918181818181818,1.4472727272727273,0.1011230611234977
3.09,-0.725909090909091,1.5277272727272728,0.10481491233468547
3.085,-0.8727272727272727,1.8790909090909091,0.11741216757289291
3.08,-0.775,1.6604545454545454,0.11172094213342736
3.075,-0.8313636363636364,1.8040909090909092,0.1176998255771713
3.07,-0.8009090909090909,1.7145454545454546,0.11385691971741115
3.065,-0.7872727272727272,1.690909090909091,0.11401799976066711
3.06,-0.8577272727272728,1.8331818181818182,0.11720767053287763
3.055,-0.7868181818181819,1.6586363636363637,0.11138441313472255
3.05,-0.8168181818181818,1.725,0.11371223411461866
3.045,-0.8440909090909091,1.8413636363636363,0.12175055325602756
3.04,-0.77,1.61,0.11005670013850419
3.035,-0.8836363636363637,1.8172727272727274,0.11252135347168603
3.03,-0.85,1.7936363636363637,0.11667008284986916
3.025,-0.8754545454545455,1.8554545454545455,0.11901196741179108
3.02,-0.8472727272727273,1.7854545454545454,0.11705445715915752
3.015,-0.8059090909090909,1.7068181818181818,0.11631491178802113
3.01,-0.860909090909091,1.77,0.11355675292657726
3.005,-0.8118181818181818,1.6690909090909092,0.11185374888334539
3.0,-0.8695454545454545,1.8668181818181817,0.12341209825528006
2.995,-0.7863636363636364,1.6327272727272728,0.1130832415887616
2.99,-0.8336363636363636,1.77,0.12025037899163775
2.985,-0.8622727272727273,1.834090909090909,0.12239608459860014
2.98,-0.9345454545454546,2.039090909090909,0.13126837782975304
2.975,-0.8540909090909091,1.7731818181818182,0.1179250659913941
2.97,-0.73,1.5372727272727273,0.11386284021729383
2.965,-0.8127272727272727,1.7054545454545456,0.11886044614030863
2.96,-0.8672727272727273,1.8127272727272727,0.12104698790816726
2.955,-0.8595454545454545,1.8613636363636363,0.12855497412500355
2.95,-0.8531818181818182,1.8213636363636363,0.1256471613315258
2.945,-0.8909090909090909,1.9036363636363636,0.1279734989086162
2.94,-0.8972727272727272,1.89,0.1255150230103848
2.935,-0.8336363636363636,1.7527272727272727,0.12279429501207748
2.93,-0.8377272727272728,1.8022727272727272,0.12818853379790707
2.925,-0.9104545454545454,1.9304545454545454,0.12874887177917482
2.92,-0.825,1.7459090909090909,0.12493949274126137
2.915,-0.8359090909090909,1.7377272727272728,0.12227324384876354
2.91,-0.7627272727272727,1.5754545454545454,0.11734647121462452
2.905,-0.7581818181818182,1.6254545454545455,0.12449481735544785
2.9,-0.835,1.7386363636363635,0.12383012647281376
2.895,-0.8290909090909091,1.7,0.12082153011866803
2.89,-0.8527272727272728,1.7545454545454546,0.12301117717610682
2.885,-0.8754545454545455,1.8572727272727272,0.13106122520005192
2.88,-0.8904545454545455,1.7713636363636365,0.11796565620695593
2.875,-0.8845454545454545,1.9072727272727272,0.1360879626302551
2.87,-0.9363636363636364,1.940909090909091,0.12919086445203395
2.865,-0.93,1.96,0.13341495877610565
2.86,-0.8254545454545454,1.6545454545454545,0.1189752858249651
2.855,-0.8713636363636363,1.834090909090909,0.13186271938977606
2.85,-0.9104545454545454,1.8877272727272727,0.13035392962615322
2.845,-0.9609090909090909,2.000909090909091,0.13313065006808789
2.84,-0.8718181818181818,1.7963636363636364,0.12848352189730164
2.835,-0.9281818181818182,1.9336363636363636,0.1333936621200797
2.83,-0.8886363636363637,1.8113636363636363,0.12756921045171957
2.825,-0.9445454545454546,1.971818181818182,0.13528414956418858
2.82,-0.925,1.934090909090909,0.13561514877155437
2.815,-1.0404545454545455,2.205909090909091,0.14176319195278603
2.81,-0.9218181818181819,1.96,0.14060754545527812
2.805,-0.8459090909090909,1.7268181818181818,0.12852729773170993
2.8,-0.9786363636363636,2.013181818181818,0.1346240670855119
2.795,-0.8963636363636364,1.8163636363636364,0.1296585543144825
2.79,-0.94,1.9581818181818182,0.1380483059289858
2.785,-1.040909090909091,2.1345454545454547,0.13551098878749193
2.78,-0.9195454545454546,1.9331818181818181,0.140730031469206
2.775,-0.9890909090909091,2.0472727272727274,0.13881625203492529
2.77,-0.9136363636363637,1.9081818181818182,0.13990152526725755
2.765,-0.9395454545454546,1.8786363636363637,0.13026309918666082
2.76,-0.8595454545454545,1.7895454545454546,0.13793413491331952
2.755,-0.9563636363636364,1.9081818181818182,0.13090212657048433
2.75,-0.9581818181818181,1.9854545454545454,0.1411361519021925
2.745,-0.8136363636363636,1.6454545454545455,0.13051720640915465
2.74,-0.9445454545454546,1.949090909090909,0.1407806480617547
2.735,-0.9513636363636364,1.965,0.14169456552509563
2.73,-0.97,2.019090909090909,0.1446672985134523
2.725,-1.000909090909091,2.0454545454545454,0.1405451443063826
2.72,-0.9331818181818182,1.914090909090909,0.1410119219433641
2.715,-0.915,1.825909090909091,0.134127514885123
2.71,-1.0159090909090909,2.0304545454545453,0.13594358253057692
2.705,-0.9454545454545454,1.9,0.13750338456945807
2.7,-0.9627272727272728,1.8963636363636365,0.13299311861601423
2.695,-0.9640909090909091,1.925,0.13706805621738388
2.69,-0.9704545454545455,1.9868181818181818,0.14441980583806102
2.685,-0.9404545454545454,1.9822727272727272,0.15227961052770742
2.68,-0.9931818181818182,2.0395454545454546,0.1466272180021319
2.675,-0.9163636363636364,1.8854545454545455,0.14614128485002484
2.67,-1.0695454545454546,2.222272727272727,0.15126390437990211
2.665,-1.045909090909091,2.107727272727273,0.142744202877407
2.66,-0.925,1.8331818181818182,0.1381588583557321
2.655,-0.9236363636363636,1.9045454545454545,0.14916124177656487
2.65,-0.9704545454545455,1.9722727272727272,0.14674128906790154
2.645,-1.0645454545454545,2.1454545454545455,0.1446818044048095
2.64,-1.0027272727272727,2.0681818181818183,0.15247931512723026
2.635,-0.9118181818181819,1.8581818181818182,0.147880764556471
2.63,-0.9781818181818182,2.0109090909090908,0.15239043812800582
2.625,-0.9713636363636363,1.9813636363636364,0.1506127996102022
2.62,-0.9868181818181818,2.027727272727273,0.15353376096386143
2.615,-1.115,2.2886363636363636,0.15287759084212107
2.61,-1.1031818181818183,2.295909090909091,0.15837978992412746
2.605,-0.9081818181818182,1.910909090909091,0.1600517056794011
2.6,-0.9431818181818182,1.885,0.1472497126998875
2.595,-0.9922727272727273,1.995,0.150043225962295
2.59,-1.1963636363636363,2.408181818181818,0.14562929410244263
2.585,-1.2054545454545456,2.518181818181818,0.15938720366716072
2.58,-0.9836363636363636,1.9763636363636363,0.1515568686521044
2.575,-0.8618181818181818,1.6690909090909092,0.1397093532779357
2.57,-1.0422727272727272,2.0968181818181817,0.152990316855918
2.565,-1.0286363636363636,2.1095454545454544,0.15981406411095736
2.56,-1.0945454545454545,2.2436363636363637,0.15954690728305787
2.555,-1.069090909090909,2.150909090909091,0.15440408377851866
2.55,-1.048181818181818,2.1263636363636365,0.15804360052236752
2.545,-1.2559090909090909,2.585909090909091,0.15571986309779443
2.54,-1.1986363636363637,2.4231818181818183,0.15290047212325827
2.535,-1.1613636363636364,2.415909090909091,0.16606072694954227
2.53,-1.2945454545454544,2.6754545454545453,0.156166572133645
2.525,-1.1031818181818183,2.2395454545454547,0.1603819751912185
2.52,-1.0604545454545455,2.123181818181818,0.15725276757473722
2.515,-1.0586363636363636,2.1177272727272727,0.1576254318722337
2.51,-1.2013636363636364,2.425,0.15582695722657422
2.505,-1.1377272727272727,2.3086363636363636,0.16162692842322152
2.5,-1.2277272727272728,2.5177272727272726,0.1616660826446281
2.495,-1.2136363636363636,2.4690909090909092,0.16002790124544292
2.49,-1.2168181818181818,2.4986363636363635,0.16418926727521452
2.485,-1.3404545454545456,2.7677272727272726,0.15722647908335652
2.48,-1.365,2.8395454545454544,0.15874096880616784
2.475,-1.030909090909091,2.0672727272727274,0.16398313209733192
2.47,-1.1236363636363635,2.2336363636363634,0.15916957923427905
2.465,-1.229090909090909,2.482727272727273,0.15997808012661743
2.46,-0.9454545454545454,1.8918181818181818,0.16490413845884075
2.455,-1.0295454545454545,1.9795454545454545,0.1525763725171619
2.45,-1.0622727272727273,2.1386363636363637,0.16829871162497714
2.445,-1.1936363636363636,2.4054545454545453,0.16404862422949118
2.44,-1.1445454545454545,2.2854545454545456,0.1638454461055302
2.435,-1.135,2.2895454545454546,0.16887880870526156
2.43,-1.3318181818181818,2.732727272727273,0.16240539269179582
2.425,-1.27,2.55,0.15935381018174088
2.42,-1.2031818181818181,2.4277272727272727,0.16735209089610803
2.415,-1.2077272727272728,2.476818181818182,0.17458397378854992
2.41,-1.1595454545454544,2.2904545454545455,0.16286029584503034
2.405,-1.1686363636363637,2.374090909090909,0.1743387967164191
2.4,-1.165909090909091,2.3413636363636363,0.1704895187672176
2.395,-1.180909090909091,2.387272727272727,0.17306870982622838
2.39,-1.0877272727272727,2.195,0.17714139811370408
2.385,-1.1754545454545455,2.328181818181818,0.1663943373815322
2.38,-1.28,2.6563636363636363,0.17971252672191868
2.375,-1.3431818181818183,2.704090909090909,0.1595485451340399
2.37,-1.125909090909091,2.222272727272727,0.16995165416528535
2.365,-1.2622727272727272,2.5295454545454548,0.16738339983264142
2.36,-1.2704545454545455,2.6140909090909092,0.179552599293449
2.355,-1.1918181818181819,2.348181818181818,0.16728219574730033
2.35,-1.39,2.8018181818181818,0.15748631630931317
2.345,-1.295909090909091,2.6204545454545456,0.17113473271238427
2.34,-1.2831818181818182,2.584090909090909,0.17122056588839807
2.335,-1.3331818181818182,2.715,0.1719713033980478
2.33,-1.2631818181818182,2.5513636363636363,0.17604585285757932
2.325,-1.3213636363636363,2.6540909090909093,0.167989649594039
2.32,-1.4154545454545455,2.899090909090909,0.16639033495150393
2.315,-1.4668181818181818,2.9795454545454545,0.1544980619460944
2.31,-1.3168181818181819,2.662272727272727,0.17395899689019784
2.305,-1.3072727272727274,2.632727272727273,0.17386804866459277
2.3,-1.3990909090909092,2.828181818181818,0.1645985720758018
2.295,-1.220909090909091,2.4327272727272726,0.17886914614280547
2.29,-1.2668181818181818,2.5395454545454546,0.1782416713564445
2.285,-1.3786363636363637,2.7877272727272726,0.16990055965540207
2.28,-1.374090909090909,2.8395454545454544,0.18302162744290046
2.275,-1.3109090909090908,2.597272727272727,0.16979400220159463
2.27,-1.3636363636363635,2.7172727272727273,0.16646327214603865
2.265,-1.299090909090909,2.59,0.17589146868165725
2.26,-1.3013636363636363,2.6286363636363634,0.18307797196075987
2.255,-1.2772727272727273,2.5318181818181817,0.17706747990097804
2.25,-1.260909090909091,2.5236363636363635,0.18444338332823174
2.245,-1.175909090909091,2.305909090909091,0.18316315907687883
2.24,-1.3040909090909092,2.603181818181818,0.17987259227683833
2.235,-1.4218181818181819,2.859090909090909,0.16766491338070832
2.23,-1.413181818181818,2.8395454545454544,0.1694107268004153
2.225,-1.4377272727272727,2.8795454545454544,0.16411781215536478
2.22,-1.4318181818181819,2.8845454545454547,0.16931299179456422
2.215,-1.4236363636363636,2.831818181818182,0.16409310334328608
2.21,-1.5654545454545454,3.190909090909091,0.1515655201623213
2.205,-1.5240909090909092,3.0940909090909092,0.15862481371801976
2.2,-1.6054545454545455,3.2636363636363637,0.14176695580902943
2.195,-1.6063636363636364,3.2590909090909093,0.14086410445348546
2.19,-1.424090909090909,2.8840909090909093,0.17849002142064124
2.185,-1.5886363636363636,3.2177272727272728,0.1453559010854126
2.18,-1.3945454545454545,2.7845454545454547,0.17670827997476354
2.175,-1.4763636363636363,2.9709090909090907,0.16726320605252612
2.17,-1.4186363636363637,2.8231818181818182,0.17215330245926078
2.165,-1.3836363636363636,2.7818181818181817,0.18504948984555308
2.16,-1.54,3.1036363636363635,0.15690079810450178
2.155,-1.4995454545454545,3.045,0.17148129688192168
2.15,-1.4722727272727272,2.984090909090909,0.17663686871170037
2.145,-1.5368181818181819,3.085909090909091,0.1573777510320306
2.14,-1.5954545454545455,3.1963636363636363,0.14212779058259806
2.135,-1.5204545454545455,3.0568181818181817,0.16344874529554662
2.13,-1.6145454545454545,3.252727272727273,0.14238141637106497
2.125,-1.4195454545454544,2.8586363636363634,0.18680184163115907
2.12,-1.4077272727272727,2.835,0.1898593640129571
2.115,-1.4740909090909091,2.9404545454545454,0.171578790959561
2.11,-1.4368181818181818,2.875909090909091,0.1822651340503999
2.105,-1.624090909090909,3.256818181818182,0.13972994980313733
2.1,-1.5931818181818183,3.214090909090909,0.15325682614643646
2.095,-1.3981818181818182,2.769090909090909,0.1855032751913452
2.09,-1.5154545454545454,3.0290909090909093,0.16769039851470127
2.085,-1.55,3.1145454545454547,0.16379309894138316
2.08,-1.565,3.085,0.14695243158284024
2.075,-1.4386363636363637,2.8486363636363636,0.18091723660548792
2.07,-1.5595454545454546,3.115,0.15935447156447338
2.065,-1.675909090909091,3.4040909090909093,0.1396313815755907
2.06,-1.589090909090909,3.2190909090909092,0.16351234605889747
2.055,-1.6472727272727272,3.3354545454545454,0.14727526061011162
2.05,-1.5254545454545454,3.022727272727273,0.16554805531929545
2.045,-1.3536363636363635,2.640909090909091,0.19334597137760146
2.04,-1.589090909090909,3.1545454545454548,0.15122441781768617
2.035,-1.5722727272727273,3.165,0.1673317607892303
2.03,-1.6227272727272728,3.249090909090909,0.14944480755126704
2.025,-1.5145454545454546,3.017272727272727,0.1764181785431317
2.02,-1.5427272727272727,3.0681818181818183,0.16865365654477243
2.015,-1.6781818181818182,3.3927272727272726,0.14197071784229678
2.01,-1.6227272727272728,3.213636363636364,0.14365796935310296
2.005,-1.53,3.0736363636363637,0.1822715937429155
2.0,-1.6272727272727272,3.2636363636363637,0.15390495867768605
1.995,-1.545909090909091,3.0795454545454546,0.17329301629765714
1.99,-1.5777272727272726,3.161363636363636,0.16972811021342848
1.985,-1.6327272727272728,3.2836363636363637,0.15680272485173444
1.98,-1.5804545454545456,3.1777272727272727,0.17342380942744073
1.975,-1.5822727272727273,3.1359090909090908,0.16210789487274893
1.97,-1.528181818181818,3.0245454545454544,0.1775891636280159
1.965,-1.5213636363636365,2.995,0.17622715225101185
1.96,-1.710909090909091,3.4663636363636363,0.14034613676808214
1.955,-1.5609090909090908,3.0554545454545456,0.16196057204542127
1.95,-1.6859090909090908,3.3586363636363634,0.13579142691030807
1.945,-1.6463636363636365,3.271818181818182,0.14837463634992787
1.94,-1.6736363636363636,3.3727272727272726,0.1518940894466262
1.935,-1.6136363636363635,3.2172727272727273,0.16383908905665145
1.93,-1.7495454545454545,3.528636363636364,0.12556768399573218
1.925,-1.6336363636363636,3.2563636363636363,0.15856862682235665
1.92,-1.6154545454545455,3.230909090909091,0.16851554429235543
1.915,-1.6368181818181817,3.273181818181818,0.16197753283511096
1.91,-1.6381818181818182,3.2745454545454544,0.16197631236094595
1.905,-1.5918181818181818,3.169090909090909,0.17503483308160364
1.9,-1.6168181818181817,3.196818181818182,0.16141749273139358
1.895,-1.6009090909090908,3.190909090909091,0.17488020093252468
1.89,-1.6122727272727273,3.186818181818182,0.16443963906686376
1.885,-1.6963636363636363,3.3563636363636364,0.13472663554567388
1.88,-1.7554545454545454,3.5036363636363634,0.11940236036649464
1.875,-1.665,3.345,0.1629226666666667
1.87,-1.6690909090909092,3.348181818181818,0.16080452840284262
1.865,-1.7254545454545454,3.4518181818181817,0.1364560353020377
1.86,-1.8213636363636363,3.6340909090909093,0.09154972055241674
1.855,-1.6959090909090908,3.3877272727272727,0.14868233392642424
1.85,-1.7545454545454546,3.4881818181818183,0.11972302881393784
1.845,-1.7513636363636365,3.524090909090909,0.13419887407232592
1.84,-1.725,3.452272727272727,0.14078678144870238
1.835,-1.7172727272727273,3.420909090909091,0.1401401661826519
1.83,-1.6313636363636363,3.2468181818181816,0.17482482838203428
1.825,-1.7722727272727272,3.547727272727273,0.12213222830326513
1.82,-1.7968181818181819,3.595,0.11062807073046836
1.815,-1.6654545454545455,3.327272727272727,0.1680315959891994
1.81,-1.6927272727272726,3.388181818181818,0.1595971424398241
1.805,-1.7877272727272728,3.567727272727273,0.11410546913371745
1.8,-1.7468181818181818,3.4913636363636362,0.1357993444546475
1.795,-1.71,3.4172727272727275,0.1530629735252606
1.79,-1.8218181818181818,3.6445454545454545,0.10159606970511188
1.785,-1.7136363636363636,3.3927272727272726,0.14317183687605653
1.78,-1.7695454545454545,3.513181818181818,0.12053108902895437
1.775,-1.8177272727272726,3.635,0.10501648466049478
1.77,-1.8027272727272727,3.5954545454545452,0.1103223612690589
1.765,-1.7786363636363636,3.547727272727273,0.12332334219123375
1.76,-1.6381818181818182,3.2590909090909093,0.18577325660815533
1.755,-1.7227272727272727,3.418181818181818,0.14623016436018255
1.75,-1.7795454545454545,3.5413636363636365,0.12231236296171372
1.745,-1.78,3.581818181818182,0.13576840315537045
1.74,-1.8304545454545456,3.622272727272727,0.08974398345142023
1.735,-1.7745454545454546,3.5327272727272727,0.1274707712809967
1.73,-1.7063636363636363,3.401818181818182,0.16376802509741376
1.725,-1.809090909090909,3.6063636363636364,0.11209534770284049
1.72,-1.805,3.6131818181818183,0.12005030360391372
1.715,-1.7922727272727272,3.585909090909091,0.12704487483394536
1.71,-1.8063636363636364,3.6,0.11526637708120127
1.705,-1.7704545454545455,3.545909090909091,0.14151917970723654
1.7,-1.8118181818181818,3.6236363636363635,0.11797620749806978
1.695,-1.800909090909091,3.601818181818182,0.12479690503882608
1.69,-1.8377272727272727,3.6522727272727273,0.0962960674861202
1.685,-1.7977272727272726,3.5777272727272726,0.12183040288100971
1.68,-1.790909090909091,3.556363636363636,0.12365655628642623
1.675,-1.7736363636363637,3.5109090909090908,0.13013968028366849
1.67,-1.6754545454545455,3.3,0.17671916028387608
1.665,-1.7068181818181818,3.375,0.16657078491640323
1.66,-1.7754545454545454,3.53,0.1370885313633304
1.655,-1.7718181818181817,3.5081818181818183,0.13466184089606012
1.65,-1.8218181818181818,3.6245454545454545,0.11222184277030267
1.645,-1.7713636363636365,3.505,0.13572338310569737
1.64,-1.8136363636363637,3.6136363636363638,0.12059767405273325
1.635,-1.8309090909090908,3.6418181818181816,0.10832985724906359
1.63,-1.8731818181818183,3.7104545454545454,0.07589462211133388
1.625,-1.8113636363636363,3.635,0.13404469656217913
1.62,-1.8127272727272727,3.619090909090909,0.12692834316478155
1.615,-1.846818181818182,3.6586363636363637,0.09504508504525044
1.61,-1.8277272727272726,3.643181818181818,0.11673733062410559
1.605,-1.8431818181818183,3.6877272727272725,0.1127349532132798
1.6,-1.9,3.7781818181818183,0.06569602272727282
1.595,-1.8881818181818182,3.7409090909090907,0.06905534041398728
1.59,-1.8672727272727272,3.7027272727272726,0.08544750394001178
1.585,-1.81,3.5945454545454547,0.12675833356703906
1.58,-1.875,3.7204545454545452,0.08204997013881797
1.575,-1.7645454545454546,3.481818181818182,0.14842933561548266
1.57,-1.6736363636363636,3.2790909090909093,0.19393575049898937
1.565,-1.8936363636363636,3.7445454545454546,0.06479060799212183
1.56,-1.8086363636363636,3.607727272727273,0.13829790304877726
1.555,-1.8813636363636363,3.7313636363636364,0.07933520295788157
1.55,-1.79,3.576363636363636,0.15494844385583195
1.545,-1.845909090909091,3.6731818181818183,0.1113526026250215
1.54,-1.8936363636363636,3.7590909090909093,0.07304445581251444
1.535,-1.8118181818181818,3.6163636363636362,0.14161572532194266
1.53,-1.8781818181818182,3.7209090909090907,0.08259308332706679
1.525,-1.8731818181818183,3.7395454545454547,0.09921433188003753
1.52,-1.8231818181818182,3.6186363636363637,0.1275296145635401
1.515,-1.8509090909090908,3.6836363636363636,0.1123079004570124
1.51,-1.875909090909091,3.722272727272727,0.08913548086371435
1.505,-1.8595454545454546,3.682272727272727,0.09905560854827908
1.5,-1.779090909090909,3.538181818181818,0.16578549127640033
1.495,-1.8354545454545454,3.6254545454545455,0.11479117997552316
1.49,-1.855909090909091,3.685909090909091,0.10878363010228484
1.485,-1.846818181818182,3.665909090909091,0.11571231698120399
1.48,-1.8518181818181818,3.6627272727272726,0.10660002475113035
1.475,-1.8677272727272727,3.702272727272727,0.09830166595046082
1.47,-1.8490909090909091,3.6427272727272726,0.10347081431099438
1.465,-1.8809090909090909,3.7218181818181817,0.08573153958868196
1.46,-1.8777272727272727,3.7286363636363635,0.09512884823257733
1.455,-1.8718181818181818,3.7154545454545453,0.10002302271792785
1.45,-1.8922727272727273,3.742272727272727,0.07684977545425042
1.445,-1.88,3.7381818181818183,0.09759548768899724
1.44,-1.904090909090909,3.756818181818182,0.06329860712554838
1.435,-1.9068181818181817,3.778636363636364,0.06928858435769161
1.43,-1.8718181818181818,3.7036363636363636,0.09777155746062866
1.425,-1.865,3.6895454545454545,0.10406670583955892
1.42,-1.8868181818181817,3.7513636363636365,0.0948625198988135
1.415,-1.8904545454545454,3.7413636363636362,0.08367953048927299
1.41,-1.8622727272727273,3.685,0.10911940508837495
1.405,-1.8918181818181818,3.7463636363636366,0.08479507772484396
1.4,-1.9177272727272727,3.805,0.06496025889694727
1.395,-1.9036363636363636,3.7654545454545456,0.07277560180155358
1.39,-1.8968181818181817,3.7531818181818184,0.08035950691257482
1.385,-1.9204545454545454,3.793181818181818,0.05475695344643788
1.38,-1.8563636363636364,3.6627272727272726,0.11375830829345167
1.375,-1.8409090909090908,3.65,0.1380780001366027
1.37,-1.8968181818181817,3.765,0.08901954559324818
1.365,-1.8954545454545455,3.7545454545454544,0.08683734957461219
1.36,-1.9195454545454544,3.8013636363636363,0.06309952654493999
1.355,-1.884090909090909,3.7286363636363635,0.09740488823265236
1.35,-1.885,3.725909090909091,0.09475121586232711
1.345,-1.9104545454545454,3.776818181818182,0.0701933978636271
1.34,-1.9313636363636364,3.813181818181818,0.04623319353644989
1.335,-1.904090909090909,3.7686363636363636,0.08027840118600002
1.33,-1.914090909090909,3.7868181818181816,0.06957667112539931
1.325,-1.8981818181818182,3.7590909090909093,0.08885536160334712
1.32,-1.9254545454545455,3.819090909090909,0.06411599086279757
1.315,-1.9213636363636364,3.7868181818181816,0.05504197468674441
1.31,-1.9004545454545454,3.7531818181818184,0.0824277949087905
1.305,-1.8972727272727272,3.7372727272727273,0.08081438946570654
1.3,-1.9113636363636364,3.7895454545454546,0.08061213262262217
1.295,-1.920909090909091,3.7945454545454544,0.06240438813271381
1.29,-1.9304545454545454,3.817727272727273,0.05472779319821966
1.285,-1.9168181818181818,3.785,0.06710657714802057
1.28,-1.8890909090909092,3.7172727272727273,0.09070328641528914
1.275,-1.905909090909091,3.7822727272727272,0.092138878562282
1.27,-1.9122727272727273,3.785,0.07949222923239224
1.265,-1.91,3.792727272727273,0.09037933586044031
1.26,-1.9136363636363636,3.788181818181818,0.07947700047267167
1.255,-1.9077272727272727,3.7704545454545455,0.08319309112370138
1.25,-1.9322727272727274,3.8204545454545453,0.055537057851239253
1.245,-1.9263636363636363,3.81,0.06394938178149921
1.24,-1.9068181818181817,3.7604545454545453,0.0809696715284528
1.235,-1.9263636363636363,3.820909090909091,0.0721416390401148
1.23,-1.910909090909091,3.7754545454545454,0.08188313288091546
1.225,-1.9218181818181819,3.8036363636363637,0.07347021385717384
1.22,-1.9081818181818182,3.7772727272727273,0.09145046763844245
1.215,-1.9036363636363636,3.7663636363636366,0.0965518341749796
1.21,-1.9336363636363636,3.8254545454545457,0.059084050732659155
1.205,-1.9195454545454544,3.7922727272727275,0.07411578671621506
1.2,-1.9386363636363637,3.8404545454545453,0.05704416322314018
1.195,-1.8886363636363637,3.7295454545454545,0.11386225065798385
1.19,-1.9336363636363636,3.8163636363636364,0.054667078304340797
1.185,-1.9009090909090909,3.7536363636363634,0.09982801312862055
1.18,-1.9195454545454544,3.795,0.07924823896429524
1.175,-1.9254545454545455,3.807272727272727,0.07235673746394332
1.17,-1.9163636363636363,3.7781818181818183,0.07723882782157891
1.165,-1.9304545454545454,3.813181818181818,0.06375292682915691
1.16,-1.903181818181818,3.7504545454545455,0.09538756866579562
1.155,-1.925,3.785909090909091,0.06018184884772828
1.15,-1.9227272727272726,3.7845454545454547,0.0662875533128158
1.145,-1.8995454545454546,3.742272727272727,0.10220994518672748
1.14,-1.9431818181818181,3.837727272727273,0.04753131287694406
1.135,-1.9322727272727274,3.8231818181818182,0.06947848832295152
1.13,-1.9172727272727272,3.7790909090909093,0.080786434604987
1.125,-1.9213636363636364,3.794090909090909,0.08095027038057315
1.12,-1.930909090909091,3.821818181818182,0.0744644965424187
1.115,-1.9236363636363636,3.800909090909091,0.08086406837455698
1.11,-1.903181818181818,3.756818181818182,0.10933946007656106
1.105,-1.9290909090909092,3.806363636363636,0.06959063149931065
1.1,-1.9281818181818182,3.8018181818181818,0.06936616351342098
1.095,-1.9413636363636364,3.838636363636364,0.05816692315950238
1.09,-1.9181818181818182,3.788181818181818,0.09154139430899108
1.085,-1.9381818181818182,3.8327272727272725,0.06471024009572855
1.08,-1.9345454545454546,3.82,0.06647280889705108
1.075,-1.9245454545454546,3.8045454545454547,0.0871132486177476
1.07,-1.9204545454545454,3.785909090909091,0.08539036575427236
1.065,-1.9363636363636363,3.8327272727272725,0.07337445435946845
1.06,-1.930909090909091,3.8145454545454545,0.07666032145788776
1.055,-1.9277272727272727,3.8068181818181817,0.0814768255894098
1.05,-1.9322727272727274,3.8222727272727273,0.08035812672176258
1.045,-1.9295454545454545,3.8095454545454546,0.0791188785865069
1.04,-1.94,3.8327272727272725,0.06391204948897253
1.035,-1.9304545454545454,3.8086363636363636,0.0765307116341087
1.03,-1.9431818181818181,3.8431818181818183,0.06336717849884237
1.025,-1.9390909090909092,3.8363636363636364,0.07261399894789082
1.02,-1.9277272727272727,3.8113636363636365,0.09153325485112235
1.015,-1.9295454545454545,3.8095454545454546,0.08386497453316527
1.01,-1.9463636363636363,3.847272727272727,0.05777994541128279
1.005,-1.9063636363636363,3.750909090909091,0.1155286026182568
1.0,-1.9513636363636364,3.856818181818182,0.04899814049586748
0.995,-1.9468181818181818,3.8495454545454546,0.060043353943186814
0.99,-1.9318181818181819,3.8181818181818183,0.088011764695962
0.985,-1.9445454545454546,3.8445454545454547,0.06523067304188816
0.98,-1.9404545454545454,3.8304545454545456,0.06777457567611332
0.975,-1.9336363636363636,3.8163636363636364,0.08143489765867405
0.97,-1.9236363636363636,3.7981818181818183,0.10394830340916797
0.965,-1.940909090909091,3.828181818181818,0.06556280062097161
0.96,-1.9322727272727274,3.815,0.08824013393881938
0.955,-1.9277272727272727,3.8004545454545453,0.09245591671063456
0.95,-1.9345454545454546,3.8145454545454545,0.07986630342711912
0.945,-1.9345454545454546,3.8163636363636364,0.08274966620324961
0.94,-1.9422727272727274,3.834090909090909,0.06979126525969984
0.935,-1.9331818181818181,3.816818181818182,0.09108208947287233
0.93,-1.9354545454545455,3.8254545454545457,0.09188374139655942
0.925,-1.9377272727272727,3.825,0.08206050142168078
0.92,-1.9418181818181819,3.8354545454545454,0.07655564061303835
